model,accuracy,macro_f1,log_loss,acc_class_0,acc_class_1,acc_class_2,auc_roc_ovr
CalibratedEnsemble,0.6067004504504504,0.450698144006584,0.868410140391617,0.8786057692307693,0.006105006105006105,0.6435921421889617,0.7416412195951279
CatBoost_cal,0.6041666666666666,0.44587400981105013,0.8697812038365947,0.8846153846153846,0.002442002442002442,0.6286248830682881,0.7416293969917827
LightGBM_cal,0.6055743243243243,0.4570332077278465,0.8744214182037928,0.8713942307692307,0.018315018315018316,0.6417212347988774,0.7376178440786155
HistGBM_cal,0.6041666666666666,0.4445032802347065,0.8855891188058995,0.8984375,0.002442002442002442,0.6071094480823199,0.7326633046749448
CatBoost_tuned_balanced,0.5771396396396397,0.5359635924317776,0.8921100509429835,0.6766826923076923,0.3089133089133089,0.627689429373246,0.7398297662999989
LightGBM_tuned_balanced,0.5774211711711712,0.5357443326921513,0.8980426837060201,0.6712740384615384,0.3064713064713065,0.6389148737137512,0.7351322397981018
XGBoost_cal,0.5948761261261262,0.4505493773910166,0.9011749010885027,0.8810096153846154,0.02564102564102564,0.5855940130963517,0.7167203375775811
HistGBM_tuned,0.5867117117117117,0.47721868969006126,0.9057591881321398,0.8221153846153846,0.08669108669108669,0.6033676333021516,0.7221781963291892
XGBoost_tuned_balanced,0.5625,0.5007677860087497,1.030808860666476,0.7139423076923077,0.20634920634920634,0.5996258185219832,0.7057494374689283
